Timestamp,Source IP,Destination IP,Attack Type,Packet Size
Timestamp,Source IP,Destination IP,Attack Type,Packet Size
Timestamp,Source IP,Destination IP,Attack Type,Packet Size
Timestamp,Source IP,Destination IP,Attack Type,Packet Size
Timestamp,Source IP,Destination IP,Attack Type,Packet Size
Timestamp,Source IP,Destination IP,Attack Type,Packet Size
Timestamp,Source IP,Destination IP,Attack Type,Packet Size
Timestamp,Source IP,Destination IP,Attack Type,Packet Size
Timestamp,Source IP,Destination IP,Attack Type,Packet Size
Timestamp,Source IP,Destination IP,Attack Type,Packet Size
